{"cameraMode":{"drawMode":0,"name":"Shaded","section":"Shading Mode"},"sceneLighting":false,"audioPlay":false,"sceneViewState":{"m_AlwaysRefresh":false,"showFog":true,"showSkybox":false,"showFlares":true,"showImageEffects":true,"showParticleSystems":true,"showVisualEffectGraphs":true,"m_FxEnabled":true},"in2DMode":false,"pivot":{"x":-0.7053629159927368,"y":2.7898778915405275,"z":3.4271938800811769},"rotation":{"x":0.010506631806492806,"y":-0.4003957211971283,"z":0.004457466304302216,"w":0.9164732694625855},"size":0.23530574142932893,"orthographic":false}