{"cameraMode":{"drawMode":0,"name":"Shaded","section":"Shading Mode"},"sceneLighting":true,"audioPlay":false,"sceneViewState":{"m_AlwaysRefresh":false,"showFog":true,"showSkybox":false,"showFlares":true,"showImageEffects":true,"showParticleSystems":true,"showVisualEffectGraphs":true,"m_FxEnabled":true},"in2DMode":false,"pivot":{"x":-2.823657274246216,"y":13.58265209197998,"z":25.453275680541993},"rotation":{"x":-0.047378186136484149,"y":0.011064090766012669,"z":0.0004204512806609273,"w":0.9990089535713196},"size":16.7907657623291,"orthographic":false}